ID,first_name,last_name
1,Piet,Botha
2,Jan,Brand
3,Chris,Craft
4,Steve,Cooks
5,Dawid,Joubert
6,Douglas,Van Castele
7,Vachel,Elliot
8,Ciro,Levey
9,Valaree,Falco
10,Obediah,McMaster
11,Koral,Baake
12,Denys,Maneylaws
13,Tiffie,Scroggins
14,Emily,Crilly
15,Marji,Berzin
16,Fransisco,Samber
17,Niel,Bes
18,Winonah,Demko
19,Isiahi,Laugherane
20,Ortensia,Sketcher
21,Marylynne,Minter
22,Selby,Churms
23,Allin,Search
24,Ferdie,Trehearne
25,Warde,Hallor
26,Madelena,Duncanson
27,Juan,Bony
28,Bernard,Ruperti
29,Natka,Jalland
30,Caye,Lyles
31,Mel,Gershom
32,Rollo,Caseley
33,Der,Davion
34,Fair,Praten
35,Webb,Firth
36,Sara,Brownsell
37,Benoite,Berceros
38,Henrieta,Moth
39,Annabelle,Frood
40,Farley,Yepiskopov
41,Renelle,Andreacci
42,Kev,Marns
43,Kesley,Evans
44,Terrel,Riglar
45,Ike,Kimbrough
46,Shepperd,Madrell
47,Rica,Langrish
48,Miof mela,Hrachovec
49,Silvain,Swalowe
50,Gabriele,Machan
51,Emily,Skipworth
52,Torey,Buckley
53,Valdemar,Huot
54,Lorain,Halpine
55,Corbet,Pennick
56,Eileen,Holehouse
57,Maudie,Springtorp
58,Ingunna,Shelton
59,Joela,Inston
60,Binni,Ettridge
61,Bartel,Foldes
62,Denyse,Sumsion
63,Adrea,Piatkowski
64,Itch,Dewett
65,Oby,Versey
66,Janaye,Sweatman
67,Foss,Gathercole
68,Bobbie,Massy
69,Danny,O'Dare
70,Rhonda,Cornfield
71,Eugine,McDade
72,Garvin,Clapston
73,Curran,Surplice
74,Timothee,Strond
75,Chick,Woollard
76,Terri,Titchmarsh
77,Morley,Glede
78,Sibby,Kimbrough
79,Wade,Panchen
80,Stirling,Duigan
81,Verile,Shobrook
82,Katherina,Worsell
83,Win,Ganniclifft
84,Edie,Whitehouse
85,Welbie,Attride
86,Tulley,Robberts
87,Jefferson,Robson
88,Ada,Horley
89,Reinold,Scally
90,Jacenta,O'Neil
91,Candi,Bruckman
92,Nelli,Cumberbatch
93,Corly,Frascone
94,Gayelord,Tuite
95,Jeff,Skynner
96,Chantalle,Baines
97,Laurens,Savatier
98,Bettine,Faye
99,Pascal,Ivashechkin
100,Marybelle,Hulbert
